{"train_steps_per_second":1.137,"_runtime":484.327388187,"train/learning_rate":7.764452278476844e-06,"train_samples_per_second":9.088,"eval/runtime":14.0859,"eval/loss":5.674154281616211,"eval/samples_per_second":35.213,"total_flos":2.92385783808e+14,"train/global_step":560,"train/grad_norm":1.6961398124694824,"_timestamp":1.7394626034039066e+09,"train_runtime":492.528,"train/loss":5.9817,"train/epoch":1,"eval/steps_per_second":4.402,"_wandb":{"runtime":497},"_step":3,"train_loss":5.952152415684291}