{"eval/loss":7.840450763702393,"_runtime":169.685285242,"_step":0,"eval/runtime":14.0344,"eval/steps_per_second":4.418,"train/global_step":200,"train/epoch":0.35714285714285715,"_wandb":{"runtime":210},"eval/samples_per_second":35.342,"_timestamp":1.7365164555149992e+09}