{"train_loss":4.481771100679616,"train_runtime":1772.3634,"_runtime":1767.631981248,"total_flos":7.95242299392e+14,"train_samples_per_second":13.738,"train/epoch":1,"train/global_step":3044,"eval/samples_per_second":70.495,"eval/loss":3.9856929779052734,"_wandb":{"runtime":1775},"eval/steps_per_second":8.822,"train/loss":4.0367,"eval/runtime":38.5417,"_timestamp":1.7364429423138607e+09,"train/grad_norm":1.7872952222824097,"train_steps_per_second":1.717,"_step":12,"train/learning_rate":1.4285853476839195e-07}