{"train/global_step":14,"train/epoch":1,"train_samples_per_second":1.65,"total_flos":3.625426944e+12,"_wandb":{"runtime":64},"_runtime":62.517022518,"train_runtime":67.2891,"train_steps_per_second":0.208,"_timestamp":1.7364223738811495e+09,"_step":0,"train_loss":3.91794068472726}